{"coco/AP": 0.06360879075738157, "coco/AP .5": 0.3512228826097809, "coco/AP .75": 0.0, "coco/AP (M)": -1.0, "coco/AP (L)": 0.06360879075738157, "coco/AR": 0.08333333333333334, "coco/AR .5": 0.38095238095238093, "coco/AR .75": 0.0, "coco/AR (M)": -1.0, "coco/AR (L)": 0.08333333333333334, "PCK": 0.4160997732426304, "AUC": 0.01598639455782313, "NME": 0.1601132589673239, "data_time": 1.5756157636642456, "time": 1.6291629473368328}