{"lr": 4e-08, "data_time": 9.871849775314331, "loss": 0.42172837257385254, "loss_kpt": 0.42172837257385254, "acc_pose": 0.004464285714285714, "time": 10.163662195205688, "epoch": 1, "iter": 1, "memory": 1532, "step": 1}
{"lr": 0.0002105642105263158, "data_time": 9.374483346939087, "loss": 0.42216646671295166, "loss_kpt": 0.42216646671295166, "acc_pose": 0.008928571428571428, "time": 9.625959873199463, "epoch": 1, "iter": 2, "memory": 1599, "step": 2}
{"lr": 0.00042108842105263163, "data_time": 9.354444980621338, "loss": 0.42207268873850506, "loss_kpt": 0.42207268873850506, "acc_pose": 0.010416666666666666, "time": 9.598083655039469, "epoch": 1, "iter": 3, "memory": 1599, "step": 3}
{"lr": 0.0006316126315789475, "data_time": 9.316717982292175, "loss": 0.4204714670777321, "loss_kpt": 0.4204714670777321, "acc_pose": 0.03720238095238095, "time": 9.550132095813751, "epoch": 1, "iter": 4, "memory": 1599, "step": 4}
{"lr": 0.0008421368421052633, "data_time": 9.25228967666626, "loss": 0.41321600675582887, "loss_kpt": 0.41321600675582887, "acc_pose": 0.08630952380952381, "time": 9.476815795898437, "epoch": 1, "iter": 5, "memory": 1599, "step": 5}
{"lr": 0.001052661052631579, "data_time": 8.034111976623535, "loss": 0.3625822861989339, "loss_kpt": 0.3625822861989339, "acc_pose": 0.1488095238095238, "time": 8.235491712888082, "epoch": 1, "iter": 6, "memory": 572, "step": 6}
{"lr": 0.0012631852631578948, "data_time": 8.263090440205165, "loss": 0.35888066462108065, "loss_kpt": 0.35888066462108065, "acc_pose": 0.21279761904761904, "time": 8.461998360497612, "epoch": 2, "iter": 7, "memory": 1599, "step": 7}
{"lr": 0.0014737094736842105, "data_time": 8.321968406438828, "loss": 0.35348962992429733, "loss_kpt": 0.35348962992429733, "acc_pose": 0.1949404761904762, "time": 8.520771086215973, "epoch": 2, "iter": 8, "memory": 1599, "step": 8}
{"lr": 0.0016842336842105262, "data_time": 8.379515833324856, "loss": 0.34893742203712463, "loss_kpt": 0.34893742203712463, "acc_pose": 0.19066820276497695, "time": 8.58117241329617, "epoch": 2, "iter": 9, "memory": 1599, "step": 9}
{"lr": 0.0018947578947368419, "data_time": 8.43361051082611, "loss": 0.3443990916013718, "loss_kpt": 0.3443990916013718, "acc_pose": 0.23809523809523808, "time": 8.633893942832946, "epoch": 2, "iter": 10, "memory": 1599, "step": 10}
{"lr": 0.0021052821052631576, "data_time": 8.499856146899136, "loss": 0.34253035621209577, "loss_kpt": 0.34253035621209577, "acc_pose": 0.24467165898617513, "time": 8.698429519479925, "epoch": 2, "iter": 11, "memory": 1599, "step": 11}
{"lr": 0.0023158063157894732, "data_time": 7.9674162069956465, "loss": 0.32014363072812557, "loss_kpt": 0.32014363072812557, "acc_pose": 0.20833333333333334, "time": 8.155554831027985, "epoch": 2, "iter": 12, "memory": 572, "step": 12}
{"lr": 0.002526330526315789, "data_time": 8.089941556637104, "loss": 0.32178080826997757, "loss_kpt": 0.32178080826997757, "acc_pose": 0.15327380952380953, "time": 8.277714876028208, "epoch": 3, "iter": 13, "memory": 1599, "step": 13}
{"lr": 0.0027368547368421046, "data_time": 8.17866221496037, "loss": 0.32254489245159285, "loss_kpt": 0.32254489245159285, "acc_pose": 0.15941820276497695, "time": 8.368120636258807, "epoch": 3, "iter": 14, "memory": 1599, "step": 14}
{"lr": 0.0029473789473684203, "data_time": 8.225295845667521, "loss": 0.3226560597618421, "loss_kpt": 0.3226560597618421, "acc_pose": 0.19378840245775728, "time": 8.415097697575886, "epoch": 3, "iter": 15, "memory": 1599, "step": 15}
{"lr": 0.003157903157894736, "data_time": 8.28791669011116, "loss": 0.34487247141078115, "loss_kpt": 0.34487247141078115, "acc_pose": 0.06547619047619048, "time": 8.478363335132599, "epoch": 3, "iter": 16, "memory": 1599, "step": 16}
{"lr": 0.0033684273684210517, "data_time": 8.337580484502455, "loss": 0.34763550451573205, "loss_kpt": 0.34763550451573205, "acc_pose": 0.18601190476190477, "time": 8.527563249363618, "epoch": 3, "iter": 17, "memory": 1599, "step": 17}
{"lr": 0.0035789515789473674, "data_time": 7.999003516303168, "loss": 0.3613496724930074, "loss_kpt": 0.3613496724930074, "acc_pose": 0.023809523809523808, "time": 8.182492322391933, "epoch": 3, "iter": 18, "memory": 572, "step": 18}
{"lr": 0.0037894757894736835, "data_time": 8.040351968062552, "loss": 0.3812409078604297, "loss_kpt": 0.3812409078604297, "acc_pose": 0.09523809523809523, "time": 8.22386306210568, "epoch": 4, "iter": 19, "memory": 1599, "step": 19}
{"lr": 0.003999999999999999, "data_time": 8.102396845817566, "loss": 0.39750591553747655, "loss_kpt": 0.39750591553747655, "acc_pose": 0.0818452380952381, "time": 8.288158893585205, "epoch": 4, "iter": 20, "memory": 1599, "step": 20}
{"lr": 0.003999999999999999, "data_time": 8.14374225480216, "loss": 0.43113014847040176, "loss_kpt": 0.43113014847040176, "acc_pose": 0.10267857142857142, "time": 8.330036923998879, "epoch": 4, "iter": 21, "memory": 1599, "step": 21}
{"lr": 0.003999999999999999, "data_time": 8.203605565157803, "loss": 0.4578251191838221, "loss_kpt": 0.4578251191838221, "acc_pose": 0.010416666666666666, "time": 8.390642577951605, "epoch": 4, "iter": 22, "memory": 1599, "step": 22}
{"lr": 0.003999999999999999, "data_time": 8.258688315101292, "loss": 0.477413040464339, "loss_kpt": 0.477413040464339, "acc_pose": 0.15327380952380953, "time": 8.445829215257064, "epoch": 4, "iter": 23, "memory": 1599, "step": 23}
{"lr": 0.003999999999999999, "data_time": 8.011049975951513, "loss": 0.4644101867452264, "loss_kpt": 0.4644101867452264, "acc_pose": 0.041666666666666664, "time": 8.193440934022268, "epoch": 4, "iter": 24, "memory": 572, "step": 24}
{"lr": 0.003999999999999999, "data_time": 8.044554595947266, "loss": 0.48586786359548567, "loss_kpt": 0.48586786359548567, "acc_pose": 0.044642857142857144, "time": 8.2271009349823, "epoch": 5, "iter": 25, "memory": 1599, "step": 25}
{"lr": 0.003999999999999999, "data_time": 8.09167689543504, "loss": 0.4966359215860183, "loss_kpt": 0.4966359215860183, "acc_pose": 0.09077380952380952, "time": 8.275512686142555, "epoch": 5, "iter": 26, "memory": 1599, "step": 26}
{"lr": 0.003999999999999999, "data_time": 8.135821669190019, "loss": 0.4963003283849469, "loss_kpt": 0.4963003283849469, "acc_pose": 0.15653801843317972, "time": 8.320407761467827, "epoch": 5, "iter": 27, "memory": 1599, "step": 27}
{"lr": 0.003999999999999999, "data_time": 8.158909772123609, "loss": 0.49521947731929167, "loss_kpt": 0.49521947731929167, "acc_pose": 0.1324404761904762, "time": 8.344384380749293, "epoch": 5, "iter": 28, "memory": 1599, "step": 28}
{"lr": 0.003999999999999999, "data_time": 8.193808629595, "loss": 0.49870573832043286, "loss_kpt": 0.49870573832043286, "acc_pose": 0.08630952380952381, "time": 8.379313690909024, "epoch": 5, "iter": 29, "memory": 1599, "step": 29}
{"lr": 0.003999999999999999, "data_time": 7.9948814868927, "loss": 0.4866016186773777, "loss_kpt": 0.4866016186773777, "acc_pose": 0.1130952380952381, "time": 8.176586937904357, "epoch": 5, "iter": 30, "memory": 572, "step": 30}
{"lr": 0.003999999999999999, "data_time": 8.043085544340071, "loss": 0.487504345515082, "loss_kpt": 0.487504345515082, "acc_pose": 0.1324404761904762, "time": 8.22489929968311, "epoch": 6, "iter": 31, "memory": 1599, "step": 31}
{"lr": 0.003999999999999999, "data_time": 8.076042473316193, "loss": 0.48409086908213794, "loss_kpt": 0.48409086908213794, "acc_pose": 0.22767857142857142, "time": 8.258683376014233, "epoch": 6, "iter": 32, "memory": 1599, "step": 32}
{"lr": 0.003999999999999999, "data_time": 8.117556268518621, "loss": 0.4794252503550414, "loss_kpt": 0.4794252503550414, "acc_pose": 0.20439708141321047, "time": 8.30033471367576, "epoch": 6, "iter": 33, "memory": 1599, "step": 33}
{"lr": 0.003999999999999999, "data_time": 8.153891710674062, "loss": 0.47549300925696597, "loss_kpt": 0.47549300925696597, "acc_pose": 0.18452380952380953, "time": 8.336765240220462, "epoch": 6, "iter": 34, "memory": 1599, "step": 34}
{"lr": 0.003999999999999999, "data_time": 8.1824047769819,